experiment,model,reference_concept,concept,direction,comparable,reason,achieved_gap,reference_requested_delta,reference_achieved_delta,reference_baseline,reference_transformed,reference_impact,concept_requested_delta,concept_achieved_delta,concept_baseline,concept_transformed,concept_impact,comparison_outcome,reference_larger,seed
RQ1b,A-pure-bridge (mean),Bridge Width,Centralization,increase,True,matched,0.012345679012345586,0.75,0.75,8.0,14.0,8.0,0.05,0.7407407407407408,8.0,8.0,0.0,reference_larger,True,0
RQ1b,A-pure-bridge (mean),Bridge Width,Centralization,decrease,True,matched,0.012345679012345586,-0.75,-0.75,8.0,2.0,-8.0,-0.15,-0.7407407407407408,8.0,8.0,0.0,reference_larger,True,0
RQ1b,A-pure-bridge (mean),Bridge Width,Density,increase,True,matched,0.0,0.5,0.5,8.0,12.0,8.0,0.5,0.5,8.0,8.0,0.0,reference_larger,True,0
RQ1b,A-pure-bridge (mean),Bridge Width,Density,decrease,True,matched,0.0,-0.5,-0.5,8.0,4.0,-8.0,-0.5,-0.5,8.0,8.0,0.0,reference_larger,True,0
RQ1b,A-pure-bridge (mean),Bridge Width,Bridge Trend,increase,False,different achieved-change units (not comparable under the current transformation semantics),,,,,,,,,,,,,,0
RQ1b,A-pure-bridge (mean),Bridge Width,Bridge Trend,decrease,False,different achieved-change units (not comparable under the current transformation semantics),,,,,,,,,,,,,,0
RQ1b,A-pure-bridge (mean),Bridge Width,Churn,increase,True,matched,0.014147186393769884,0.5,0.5,8.0,12.0,8.0,0.1,0.49292640680311506,8.0,8.0,0.0,reference_larger,True,0
RQ1b,A-pure-bridge (mean),Bridge Width,Churn,decrease,True,matched,0.022688407043735058,-0.9,-0.875,8.0,1.0,-8.0,-0.9,-0.8953132310169543,8.0,8.0,0.0,reference_larger,True,0
RQ1b,A-persistence (last),Bridge Width,Centralization,increase,True,matched,0.012345679012345586,0.75,0.75,8.0,14.0,8.0,0.05,0.7407407407407408,8.0,8.0,0.0,reference_larger,True,0
RQ1b,A-persistence (last),Bridge Width,Centralization,decrease,True,matched,0.012345679012345586,-0.75,-0.75,8.0,2.0,-8.0,-0.15,-0.7407407407407408,8.0,8.0,0.0,reference_larger,True,0
RQ1b,A-persistence (last),Bridge Width,Density,increase,True,matched,0.0,0.5,0.5,8.0,12.0,8.0,0.5,0.5,8.0,8.0,0.0,reference_larger,True,0
RQ1b,A-persistence (last),Bridge Width,Density,decrease,True,matched,0.0,-0.5,-0.5,8.0,4.0,-8.0,-0.5,-0.5,8.0,8.0,0.0,reference_larger,True,0
RQ1b,A-persistence (last),Bridge Width,Bridge Trend,increase,False,different achieved-change units (not comparable under the current transformation semantics),,,,,,,,,,,,,,0
RQ1b,A-persistence (last),Bridge Width,Bridge Trend,decrease,False,different achieved-change units (not comparable under the current transformation semantics),,,,,,,,,,,,,,0
RQ1b,A-persistence (last),Bridge Width,Churn,increase,True,matched,0.014147186393769884,0.5,0.5,8.0,12.0,8.0,0.1,0.49292640680311506,8.0,8.0,0.0,reference_larger,True,0
RQ1b,A-persistence (last),Bridge Width,Churn,decrease,True,matched,0.022688407043735058,-0.9,-0.875,8.0,1.0,-8.0,-0.9,-0.8953132310169543,8.0,8.0,0.0,reference_larger,True,0
RQ1b,B-pure-centralization,Centralization,Bridge Width,increase,True,matched,0.012345679012345586,0.05,0.7407407407407408,0.19950738916256158,0.3472906403940887,0.19950738916256158,0.75,0.75,0.19950738916256158,0.13177339901477833,-0.090311986863711,reference_larger,True,0
RQ1b,B-pure-centralization,Centralization,Bridge Width,decrease,True,matched,0.012345679012345586,-0.15,-0.7407407407407408,0.19950738916256158,0.05172413793103448,-0.19950738916256158,-0.75,-0.75,0.19950738916256158,0.1625615763546798,-0.04926108374384238,reference_larger,True,0
RQ1b,B-pure-centralization,Centralization,Density,increase,True,matched,0.012345679012345586,0.05,0.7407407407407408,0.19950738916256158,0.3472906403940887,0.19950738916256158,0.75,0.75,0.19950738916256158,0.11822660098522166,-0.10837438423645324,reference_larger,True,0
RQ1b,B-pure-centralization,Centralization,Density,decrease,True,matched,0.012345679012345586,-0.15,-0.7407407407407408,0.19950738916256158,0.05172413793103448,-0.19950738916256158,-0.75,-0.75,0.19950738916256158,0.0899014778325123,-0.14614121510673236,reference_larger,True,0
RQ1b,B-pure-centralization,Centralization,Bridge Trend,increase,False,different achieved-change units (not comparable under the current transformation semantics),,,,,,,,,,,,,,0
RQ1b,B-pure-centralization,Centralization,Bridge Trend,decrease,False,different achieved-change units (not comparable under the current transformation semantics),,,,,,,,,,,,,,0
RQ1b,B-pure-centralization,Centralization,Churn,increase,True,matched,0.01435395824445567,0.02,0.37037037037037035,0.19950738916256158,0.2733990147783251,0.19950738916256155,0.075,0.37576407217209523,0.19950738916256158,0.17487684729064037,-0.06554788947635401,reference_larger,True,0
RQ1b,B-pure-centralization,Centralization,Churn,decrease,True,matched,0.017829965516652627,-0.02,-0.24691358024691354,0.19950738916256158,0.15024630541871922,-0.19950738916256158,-0.3,-0.24251111962551783,0.19950738916256158,0.19950738916256158,0.0,reference_larger,True,0
RQ1b,C-weighted (2bw+3c),Bridge Width,Centralization,increase,True,matched,0.012345679012345586,0.75,0.75,16.598522167487683,28.395320197044335,15.729064039408868,0.05,0.7407407407407408,16.598522167487683,17.041871921182267,0.5985221674876878,reference_larger,True,0
RQ1b,C-weighted (2bw+3c),Bridge Width,Centralization,decrease,True,matched,0.012345679012345586,-0.75,-0.75,16.598522167487683,4.487684729064039,-16.147783251231527,-0.15,-0.7407407407407408,16.598522167487683,16.155172413793103,-0.598522167487683,reference_larger,True,0
RQ1b,C-weighted (2bw+3c),Bridge Width,Density,increase,True,matched,0.0,0.5,0.5,16.598522167487683,24.598522167487683,16.0,0.5,0.5,16.598522167487683,16.454433497536947,-0.2881773399014733,reference_larger,True,0
RQ1b,C-weighted (2bw+3c),Bridge Width,Density,decrease,True,matched,0.0,-0.5,-0.5,16.598522167487683,8.598522167487685,-15.999999999999996,-0.5,-0.5,16.598522167487683,16.373152709359605,-0.4507389162561566,reference_larger,True,0
RQ1b,C-weighted (2bw+3c),Bridge Width,Bridge Trend,increase,False,different achieved-change units (not comparable under the current transformation semantics),,,,,,,,,,,,,,0
RQ1b,C-weighted (2bw+3c),Bridge Width,Bridge Trend,decrease,False,different achieved-change units (not comparable under the current transformation semantics),,,,,,,,,,,,,,0
RQ1b,C-weighted (2bw+3c),Bridge Width,Churn,increase,True,matched,0.014147186393769884,0.5,0.5,16.598522167487683,24.598522167487683,16.0,0.1,0.49292640680311506,16.598522167487683,16.50615763546798,-0.18737996330676787,reference_larger,True,0
RQ1b,C-weighted (2bw+3c),Bridge Width,Churn,decrease,True,matched,0.022688407043735058,-0.9,-0.875,16.598522167487683,2.5061576354679804,-16.105559465165374,-0.9,-0.8953132310169543,16.598522167487683,16.580049261083744,-0.02063289781047555,reference_larger,True,0
RQ1b,D-slope-of-bridge,Bridge Trend,Bridge Width,increase,False,different achieved-change units (not comparable under the current transformation semantics),,,,,,,,,,,,,,0
RQ1b,D-slope-of-bridge,Bridge Trend,Bridge Width,decrease,False,different achieved-change units (not comparable under the current transformation semantics),,,,,,,,,,,,,,0
RQ1b,D-slope-of-bridge,Bridge Trend,Centralization,increase,False,different achieved-change units (not comparable under the current transformation semantics),,,,,,,,,,,,,,0
RQ1b,D-slope-of-bridge,Bridge Trend,Centralization,decrease,False,different achieved-change units (not comparable under the current transformation semantics),,,,,,,,,,,,,,0
RQ1b,D-slope-of-bridge,Bridge Trend,Density,increase,False,different achieved-change units (not comparable under the current transformation semantics),,,,,,,,,,,,,,0
RQ1b,D-slope-of-bridge,Bridge Trend,Density,decrease,False,different achieved-change units (not comparable under the current transformation semantics),,,,,,,,,,,,,,0
RQ1b,D-slope-of-bridge,Bridge Trend,Churn,increase,False,different achieved-change units (not comparable under the current transformation semantics),,,,,,,,,,,,,,0
RQ1b,D-slope-of-bridge,Bridge Trend,Churn,decrease,False,different achieved-change units (not comparable under the current transformation semantics),,,,,,,,,,,,,,0
RQ1b,A-pure-bridge (mean),Bridge Width,Centralization,increase,True,matched,0.014166666666666645,0.9,0.875,8.0,15.0,8.0,0.05,0.8875739644970414,8.0,8.0,0.0,reference_larger,True,1
RQ1b,A-pure-bridge (mean),Bridge Width,Centralization,decrease,True,matched,0.005882352941176501,-0.5,-0.5,8.0,4.0,-8.0,-0.075,-0.5029585798816568,8.0,8.0,0.0,reference_larger,True,1
RQ1b,A-pure-bridge (mean),Bridge Width,Density,increase,True,matched,0.0035714285714285683,0.75,0.75,8.0,14.0,8.0,0.75,0.7526881720430108,8.0,8.0,0.0,reference_larger,True,1
RQ1b,A-pure-bridge (mean),Bridge Width,Density,decrease,True,matched,0.0035714285714285683,-0.75,-0.75,8.0,2.0,-8.0,-0.75,-0.7526881720430108,8.0,8.0,0.0,reference_larger,True,1
RQ1b,A-pure-bridge (mean),Bridge Width,Bridge Trend,increase,False,different achieved-change units (not comparable under the current transformation semantics),,,,,,,,,,,,,,1
RQ1b,A-pure-bridge (mean),Bridge Width,Bridge Trend,decrease,False,different achieved-change units (not comparable under the current transformation semantics),,,,,,,,,,,,,,1
RQ1b,A-pure-bridge (mean),Bridge Width,Churn,increase,True,matched,0.026871279391202627,0.9,0.875,8.0,15.0,8.0,0.15,0.8991616231947124,8.0,8.0,0.0,reference_larger,True,1
RQ1b,A-pure-bridge (mean),Bridge Width,Churn,decrease,True,matched,0.012176054311618797,-0.75,-0.75,8.0,2.0,-8.0,-0.75,-0.7408679592662859,8.0,8.0,0.0,reference_larger,True,1
RQ1b,A-persistence (last),Bridge Width,Centralization,increase,True,matched,0.014166666666666645,0.9,0.875,8.0,15.0,8.0,0.05,0.8875739644970414,8.0,8.0,0.0,reference_larger,True,1
RQ1b,A-persistence (last),Bridge Width,Centralization,decrease,True,matched,0.005882352941176501,-0.5,-0.5,8.0,4.0,-8.0,-0.075,-0.5029585798816568,8.0,8.0,0.0,reference_larger,True,1
RQ1b,A-persistence (last),Bridge Width,Density,increase,True,matched,0.0035714285714285683,0.75,0.75,8.0,14.0,8.0,0.75,0.7526881720430108,8.0,8.0,0.0,reference_larger,True,1
RQ1b,A-persistence (last),Bridge Width,Density,decrease,True,matched,0.0035714285714285683,-0.75,-0.75,8.0,2.0,-8.0,-0.75,-0.7526881720430108,8.0,8.0,0.0,reference_larger,True,1
RQ1b,A-persistence (last),Bridge Width,Bridge Trend,increase,False,different achieved-change units (not comparable under the current transformation semantics),,,,,,,,,,,,,,1
RQ1b,A-persistence (last),Bridge Width,Bridge Trend,decrease,False,different achieved-change units (not comparable under the current transformation semantics),,,,,,,,,,,,,,1
RQ1b,A-persistence (last),Bridge Width,Churn,increase,True,matched,0.026871279391202627,0.9,0.875,8.0,15.0,8.0,0.15,0.8991616231947124,8.0,8.0,0.0,reference_larger,True,1
RQ1b,A-persistence (last),Bridge Width,Churn,decrease,True,matched,0.012176054311618797,-0.75,-0.75,8.0,2.0,-8.0,-0.75,-0.7408679592662859,8.0,8.0,0.0,reference_larger,True,1
RQ1b,B-pure-centralization,Centralization,Bridge Width,increase,True,matched,0.014166666666666645,0.05,0.8875739644970414,0.20812807881773399,0.39285714285714285,0.20812807881773399,0.9,0.875,0.20812807881773399,0.1834975369458128,-0.028149190710767064,reference_larger,True,1
RQ1b,B-pure-centralization,Centralization,Bridge Width,decrease,True,matched,0.005882352941176501,-0.075,-0.5029585798816568,0.20812807881773399,0.10344827586206896,-0.20812807881773399,-0.5,-0.5,0.20812807881773399,0.17118226600985223,-0.07389162561576351,reference_larger,True,1
RQ1b,B-pure-centralization,Centralization,Density,increase,True,matched,0.017328825021132706,0.05,0.8875739644970414,0.20812807881773399,0.39285714285714285,0.20812807881773399,0.9,0.9032258064516129,0.20812807881773399,0.14285714285714285,-0.07226425052779734,reference_larger,True,1
RQ1b,B-pure-centralization,Centralization,Density,decrease,True,matched,0.0047840866171471345,-0.075,-0.5029585798816568,0.20812807881773399,0.10344827586206896,-0.20812807881773399,-0.5,-0.5053763440860215,0.20812807881773399,0.16379310344827586,-0.08772665339062992,reference_larger,True,1
RQ1b,B-pure-centralization,Centralization,Bridge Trend,increase,False,different achieved-change units (not comparable under the current transformation semantics),,,,,,,,,,,,,,1
RQ1b,B-pure-centralization,Centralization,Bridge Trend,decrease,False,different achieved-change units (not comparable under the current transformation semantics),,,,,,,,,,,,,,1
RQ1b,B-pure-centralization,Centralization,Churn,increase,True,matched,0.01288718112378967,0.05,0.8875739644970414,0.20812807881773399,0.39285714285714285,0.20812807881773399,0.15,0.8991616231947124,0.20812807881773399,0.19581280788177338,-0.013696392971270913,reference_larger,True,1
RQ1b,B-pure-centralization,Centralization,Churn,decrease,True,matched,0.0016507514419923034,-0.15,-0.7396449704142012,0.20812807881773399,0.05418719211822659,-0.20812807881773399,-0.75,-0.7408679592662859,0.20812807881773399,0.20812807881773399,0.0,reference_larger,True,1
RQ1b,C-weighted (2bw+3c),Bridge Width,Centralization,increase,True,matched,0.014166666666666645,0.9,0.875,16.624384236453203,30.550492610837438,15.915552427867697,0.05,0.8875739644970414,16.624384236453203,17.178571428571427,0.6243842364531993,reference_larger,True,1
RQ1b,C-weighted (2bw+3c),Bridge Width,Centralization,decrease,True,matched,0.005882352941176501,-0.5,-0.5,16.624384236453203,8.513546798029557,-16.221674876847292,-0.075,-0.5029585798816568,16.624384236453203,16.310344827586206,-0.6243842364532046,reference_larger,True,1
RQ1b,C-weighted (2bw+3c),Bridge Width,Density,increase,True,matched,0.0035714285714285683,0.75,0.75,16.624384236453203,28.624384236453203,16.0,0.75,0.7526881720430108,16.624384236453203,16.439655172413794,-0.24542575650950085,reference_larger,True,1
RQ1b,C-weighted (2bw+3c),Bridge Width,Density,decrease,True,matched,0.0035714285714285683,-0.75,-0.75,16.624384236453203,4.495073891625616,-16.17241379310345,-0.75,-0.7526881720430108,16.624384236453203,16.439655172413794,-0.24542575650950085,reference_larger,True,1
RQ1b,C-weighted (2bw+3c),Bridge Width,Bridge Trend,increase,False,different achieved-change units (not comparable under the current transformation semantics),,,,,,,,,,,,,,1
RQ1b,C-weighted (2bw+3c),Bridge Width,Bridge Trend,decrease,False,different achieved-change units (not comparable under the current transformation semantics),,,,,,,,,,,,,,1
RQ1b,C-weighted (2bw+3c),Bridge Width,Churn,increase,True,matched,0.026871279391202627,0.9,0.875,16.624384236453203,30.550492610837438,15.915552427867697,0.15,0.8991616231947124,16.624384236453203,16.58743842364532,-0.04108917891381357,reference_larger,True,1
RQ1b,C-weighted (2bw+3c),Bridge Width,Churn,decrease,True,matched,0.012176054311618797,-0.75,-0.75,16.624384236453203,4.495073891625616,-16.17241379310345,-0.75,-0.7408679592662859,16.624384236453203,16.624384236453203,0.0,reference_larger,True,1
RQ1b,D-slope-of-bridge,Bridge Trend,Bridge Width,increase,False,different achieved-change units (not comparable under the current transformation semantics),,,,,,,,,,,,,,1
RQ1b,D-slope-of-bridge,Bridge Trend,Bridge Width,decrease,False,different achieved-change units (not comparable under the current transformation semantics),,,,,,,,,,,,,,1
RQ1b,D-slope-of-bridge,Bridge Trend,Centralization,increase,False,different achieved-change units (not comparable under the current transformation semantics),,,,,,,,,,,,,,1
RQ1b,D-slope-of-bridge,Bridge Trend,Centralization,decrease,False,different achieved-change units (not comparable under the current transformation semantics),,,,,,,,,,,,,,1
RQ1b,D-slope-of-bridge,Bridge Trend,Density,increase,False,different achieved-change units (not comparable under the current transformation semantics),,,,,,,,,,,,,,1
RQ1b,D-slope-of-bridge,Bridge Trend,Density,decrease,False,different achieved-change units (not comparable under the current transformation semantics),,,,,,,,,,,,,,1
RQ1b,D-slope-of-bridge,Bridge Trend,Churn,increase,False,different achieved-change units (not comparable under the current transformation semantics),,,,,,,,,,,,,,1
RQ1b,D-slope-of-bridge,Bridge Trend,Churn,decrease,False,different achieved-change units (not comparable under the current transformation semantics),,,,,,,,,,,,,,1
RQ1b,A-pure-bridge (mean),Bridge Width,Centralization,increase,True,matched,0.016393442622951355,0.75,0.75,8.0,14.0,8.0,0.03,0.7377049180327865,8.0,8.0,0.0,reference_larger,True,2
RQ1b,A-pure-bridge (mean),Bridge Width,Centralization,decrease,True,matched,0.016393442622950838,-0.5,-0.5,8.0,4.0,-8.0,-0.05,-0.4918032786885246,8.0,8.0,0.0,reference_larger,True,2
RQ1b,A-pure-bridge (mean),Bridge Width,Density,increase,True,matched,0.0,0.5,0.5,8.0,12.0,8.0,0.5,0.5,8.0,8.0,0.0,reference_larger,True,2
RQ1b,A-pure-bridge (mean),Bridge Width,Density,decrease,True,matched,0.0,-0.5,-0.5,8.0,4.0,-8.0,-0.5,-0.5,8.0,8.0,0.0,reference_larger,True,2
RQ1b,A-pure-bridge (mean),Bridge Width,Bridge Trend,increase,False,different achieved-change units (not comparable under the current transformation semantics),,,,,,,,,,,,,,2
RQ1b,A-pure-bridge (mean),Bridge Width,Bridge Trend,decrease,False,different achieved-change units (not comparable under the current transformation semantics),,,,,,,,,,,,,,2
RQ1b,A-pure-bridge (mean),Bridge Width,Churn,increase,True,matched,0.015716793353797904,0.75,0.75,8.0,14.0,8.0,0.1,0.7382124049846516,8.0,8.0,0.0,reference_larger,True,2
RQ1b,A-pure-bridge (mean),Bridge Width,Churn,decrease,True,matched,0.02964030729227466,-0.9,-0.875,8.0,1.0,-8.0,-0.9,-0.9017274795889034,8.0,8.0,0.0,reference_larger,True,2
RQ1b,A-persistence (last),Bridge Width,Centralization,increase,True,matched,0.016393442622951355,0.75,0.75,8.0,14.0,8.0,0.03,0.7377049180327865,8.0,8.0,0.0,reference_larger,True,2
RQ1b,A-persistence (last),Bridge Width,Centralization,decrease,True,matched,0.016393442622950838,-0.5,-0.5,8.0,4.0,-8.0,-0.05,-0.4918032786885246,8.0,8.0,0.0,reference_larger,True,2
RQ1b,A-persistence (last),Bridge Width,Density,increase,True,matched,0.0,0.5,0.5,8.0,12.0,8.0,0.5,0.5,8.0,8.0,0.0,reference_larger,True,2
RQ1b,A-persistence (last),Bridge Width,Density,decrease,True,matched,0.0,-0.5,-0.5,8.0,4.0,-8.0,-0.5,-0.5,8.0,8.0,0.0,reference_larger,True,2
RQ1b,A-persistence (last),Bridge Width,Bridge Trend,increase,False,different achieved-change units (not comparable under the current transformation semantics),,,,,,,,,,,,,,2
RQ1b,A-persistence (last),Bridge Width,Bridge Trend,decrease,False,different achieved-change units (not comparable under the current transformation semantics),,,,,,,,,,,,,,2
RQ1b,A-persistence (last),Bridge Width,Churn,increase,True,matched,0.015716793353797904,0.75,0.75,8.0,14.0,8.0,0.1,0.7382124049846516,8.0,8.0,0.0,reference_larger,True,2
RQ1b,A-persistence (last),Bridge Width,Churn,decrease,True,matched,0.02964030729227466,-0.9,-0.875,8.0,1.0,-8.0,-0.9,-0.9017274795889034,8.0,8.0,0.0,reference_larger,True,2
RQ1b,B-pure-centralization,Centralization,Bridge Width,increase,True,matched,0.016393442622951355,0.03,0.7377049180327865,0.15024630541871925,0.26108374384236455,0.15024630541871925,0.75,0.75,0.15024630541871925,0.1440886699507389,-0.008210180623973792,reference_larger,True,2
RQ1b,B-pure-centralization,Centralization,Bridge Width,decrease,True,matched,0.016393442622950838,-0.05,-0.4918032786885246,0.15024630541871925,0.07635467980295568,-0.15024630541871925,-0.5,-0.5,0.15024630541871925,0.1440886699507389,-0.012315270935960687,reference_larger,True,2
RQ1b,B-pure-centralization,Centralization,Density,increase,True,matched,0.009367681498829532,0.03,0.7377049180327865,0.15024630541871925,0.26108374384236455,0.15024630541871925,0.75,0.7446808510638298,0.15024630541871925,0.10098522167487683,-0.06615059817030268,reference_larger,True,2
RQ1b,B-pure-centralization,Centralization,Density,decrease,True,matched,0.01361702127659664,-0.01,-0.20491803278688542,0.15024630541871925,0.11945812807881774,-0.15024630541871925,-0.2,-0.20212765957446807,0.15024630541871925,0.12315270935960593,-0.1340420015556133,reference_larger,True,2
RQ1b,B-pure-centralization,Centralization,Bridge Trend,increase,False,different achieved-change units (not comparable under the current transformation semantics),,,,,,,,,,,,,,2
RQ1b,B-pure-centralization,Centralization,Bridge Trend,decrease,False,different achieved-change units (not comparable under the current transformation semantics),,,,,,,,,,,,,,2
RQ1b,B-pure-centralization,Centralization,Churn,increase,True,matched,0.0006874538390825869,0.03,0.7377049180327865,0.15024630541871925,0.26108374384236455,0.15024630541871925,0.1,0.7382124049846516,0.15024630541871925,0.15640394088669954,0.00834127877884728,reference_larger,True,2
RQ1b,B-pure-centralization,Centralization,Churn,decrease,True,matched,0.01665916769519559,-0.05,-0.4918032786885246,0.15024630541871925,0.07635467980295568,-0.15024630541871925,-0.5,-0.48361024539580544,0.15024630541871925,0.13177339901477833,-0.038197921941918275,reference_larger,True,2
RQ1b,C-weighted (2bw+3c),Bridge Width,Centralization,increase,True,matched,0.016393442622951355,0.75,0.75,16.450738916256157,28.432266009852217,15.97536945812808,0.03,0.7377049180327865,16.450738916256157,16.783251231527093,0.45073891625615786,reference_larger,True,2
RQ1b,C-weighted (2bw+3c),Bridge Width,Centralization,decrease,True,matched,0.016393442622950838,-0.5,-0.5,16.450738916256157,8.432266009852217,-16.03694581280788,-0.05,-0.4918032786885246,16.450738916256157,16.22906403940887,-0.4507389162561528,reference_larger,True,2
RQ1b,C-weighted (2bw+3c),Bridge Width,Density,increase,True,matched,0.0,0.5,0.5,16.450738916256157,24.48768472906404,16.073891625615765,0.5,0.5,16.450738916256157,16.362068965517242,-0.1773399014778292,reference_larger,True,2
RQ1b,C-weighted (2bw+3c),Bridge Width,Density,decrease,True,matched,0.0,-0.5,-0.5,16.450738916256157,8.432266009852217,-16.03694581280788,-0.5,-0.5,16.450738916256157,16.373152709359605,-0.1551724137931032,reference_larger,True,2
RQ1b,C-weighted (2bw+3c),Bridge Width,Bridge Trend,increase,False,different achieved-change units (not comparable under the current transformation semantics),,,,,,,,,,,,,,2
RQ1b,C-weighted (2bw+3c),Bridge Width,Bridge Trend,decrease,False,different achieved-change units (not comparable under the current transformation semantics),,,,,,,,,,,,,,2
RQ1b,C-weighted (2bw+3c),Bridge Width,Churn,increase,True,matched,0.015716793353797904,0.75,0.75,16.450738916256157,28.432266009852217,15.97536945812808,0.1,0.7382124049846516,16.450738916256157,16.4692118226601,0.02502383633654481,reference_larger,True,2
RQ1b,C-weighted (2bw+3c),Bridge Width,Churn,decrease,True,matched,0.02964030729227466,-0.9,-0.875,16.450738916256157,2.395320197044335,-16.063335679099225,-0.9,-0.9017274795889034,16.450738916256157,16.339901477832512,-0.12291678021631856,reference_larger,True,2
RQ1b,D-slope-of-bridge,Bridge Trend,Bridge Width,increase,False,different achieved-change units (not comparable under the current transformation semantics),,,,,,,,,,,,,,2
RQ1b,D-slope-of-bridge,Bridge Trend,Bridge Width,decrease,False,different achieved-change units (not comparable under the current transformation semantics),,,,,,,,,,,,,,2
RQ1b,D-slope-of-bridge,Bridge Trend,Centralization,increase,False,different achieved-change units (not comparable under the current transformation semantics),,,,,,,,,,,,,,2
RQ1b,D-slope-of-bridge,Bridge Trend,Centralization,decrease,False,different achieved-change units (not comparable under the current transformation semantics),,,,,,,,,,,,,,2
RQ1b,D-slope-of-bridge,Bridge Trend,Density,increase,False,different achieved-change units (not comparable under the current transformation semantics),,,,,,,,,,,,,,2
RQ1b,D-slope-of-bridge,Bridge Trend,Density,decrease,False,different achieved-change units (not comparable under the current transformation semantics),,,,,,,,,,,,,,2
RQ1b,D-slope-of-bridge,Bridge Trend,Churn,increase,False,different achieved-change units (not comparable under the current transformation semantics),,,,,,,,,,,,,,2
RQ1b,D-slope-of-bridge,Bridge Trend,Churn,decrease,False,different achieved-change units (not comparable under the current transformation semantics),,,,,,,,,,,,,,2
RQ1b,A-pure-bridge (mean),Bridge Width,Centralization,increase,True,matched,0.06976744186046539,0.75,0.75,8.0,14.0,8.0,0.02,0.697674418604651,8.0,8.0,0.0,reference_larger,True,3
RQ1b,A-pure-bridge (mean),Bridge Width,Centralization,decrease,True,matched,0.04444444444444452,-0.5,-0.5,8.0,4.0,-8.0,-0.1,-0.5232558139534884,8.0,8.0,0.0,reference_larger,True,3
RQ1b,A-pure-bridge (mean),Bridge Width,Density,increase,True,matched,0.0,0.5,0.5,8.0,12.0,8.0,0.5,0.5,8.0,8.0,0.0,reference_larger,True,3
RQ1b,A-pure-bridge (mean),Bridge Width,Density,decrease,True,matched,0.0,-0.5,-0.5,8.0,4.0,-8.0,-0.5,-0.5,8.0,8.0,0.0,reference_larger,True,3
RQ1b,A-pure-bridge (mean),Bridge Width,Bridge Trend,increase,False,different achieved-change units (not comparable under the current transformation semantics),,,,,,,,,,,,,,3
RQ1b,A-pure-bridge (mean),Bridge Width,Bridge Trend,decrease,False,different achieved-change units (not comparable under the current transformation semantics),,,,,,,,,,,,,,3
RQ1b,A-pure-bridge (mean),Bridge Width,Churn,increase,True,matched,0.005989820681036991,0.9,0.875,8.0,15.0,8.0,0.2,0.8697589069040926,8.0,8.0,0.0,reference_larger,True,3
RQ1b,A-pure-bridge (mean),Bridge Width,Churn,decrease,True,matched,0.012518428174029816,-0.2,-0.25,8.0,6.0,-8.0,-0.3,-0.24687039295649255,8.0,8.0,0.0,reference_larger,True,3
RQ1b,A-persistence (last),Bridge Width,Centralization,increase,True,matched,0.06976744186046539,0.75,0.75,8.0,14.0,8.0,0.02,0.697674418604651,8.0,8.0,0.0,reference_larger,True,3
RQ1b,A-persistence (last),Bridge Width,Centralization,decrease,True,matched,0.04444444444444452,-0.5,-0.5,8.0,4.0,-8.0,-0.1,-0.5232558139534884,8.0,8.0,0.0,reference_larger,True,3
RQ1b,A-persistence (last),Bridge Width,Density,increase,True,matched,0.0,0.5,0.5,8.0,12.0,8.0,0.5,0.5,8.0,8.0,0.0,reference_larger,True,3
RQ1b,A-persistence (last),Bridge Width,Density,decrease,True,matched,0.0,-0.5,-0.5,8.0,4.0,-8.0,-0.5,-0.5,8.0,8.0,0.0,reference_larger,True,3
RQ1b,A-persistence (last),Bridge Width,Bridge Trend,increase,False,different achieved-change units (not comparable under the current transformation semantics),,,,,,,,,,,,,,3
RQ1b,A-persistence (last),Bridge Width,Bridge Trend,decrease,False,different achieved-change units (not comparable under the current transformation semantics),,,,,,,,,,,,,,3
RQ1b,A-persistence (last),Bridge Width,Churn,increase,True,matched,0.005989820681036991,0.9,0.875,8.0,15.0,8.0,0.2,0.8697589069040926,8.0,8.0,0.0,reference_larger,True,3
RQ1b,A-persistence (last),Bridge Width,Churn,decrease,True,matched,0.012518428174029816,-0.2,-0.25,8.0,6.0,-8.0,-0.3,-0.24687039295649255,8.0,8.0,0.0,reference_larger,True,3
RQ1b,B-pure-centralization,Centralization,Bridge Width,increase,True,matched,0.06976744186046539,0.02,0.697674418604651,0.10591133004926108,0.1798029556650246,0.10591133004926108,0.75,0.75,0.10591133004926108,0.13669950738916256,0.04105090311986864,reference_larger,True,3
RQ1b,B-pure-centralization,Centralization,Bridge Width,decrease,True,matched,0.04444444444444452,-0.1,-0.5232558139534884,0.10591133004926108,0.05049261083743842,-0.10591133004926108,-0.5,-0.5,0.10591133004926108,0.11206896551724138,0.012315270935960604,reference_larger,True,3
RQ1b,B-pure-centralization,Centralization,Density,increase,True,matched,0.0772693173293326,0.02,0.697674418604651,0.10591133004926108,0.1798029556650246,0.10591133004926108,0.75,0.7560975609756098,0.10591133004926108,0.11945812807881774,0.017916732877800746,reference_larger,True,3
RQ1b,B-pure-centralization,Centralization,Density,decrease,True,matched,0.04444444444444452,-0.1,-0.5232558139534884,0.10591133004926108,0.05049261083743842,-0.10591133004926108,-0.5,-0.5,0.10591133004926108,0.08374384236453201,-0.04433497536945813,reference_larger,True,3
RQ1b,B-pure-centralization,Centralization,Bridge Trend,increase,False,different achieved-change units (not comparable under the current transformation semantics),,,,,,,,,,,,,,3
RQ1b,B-pure-centralization,Centralization,Bridge Trend,decrease,False,different achieved-change units (not comparable under the current transformation semantics),,,,,,,,,,,,,,3
RQ1b,B-pure-centralization,Centralization,Churn,increase,True,matched,0.005151960297294319,0.01,0.3488372093023258,0.10591133004926108,0.14285714285714288,0.10591133004926108,0.075,0.3470400138497813,0.10591133004926108,0.11822660098522168,0.03548660224895955,reference_larger,True,3
RQ1b,B-pure-centralization,Centralization,Churn,decrease,True,matched,0.007991451772828924,-0.15,-0.6976744186046512,0.10591133004926108,0.03201970443349753,-0.10591133004926107,-0.75,-0.7032947647996305,0.10591133004926108,0.12438423645320197,0.026266236190744068,reference_larger,True,3
RQ1b,C-weighted (2bw+3c),Bridge Width,Centralization,increase,True,matched,0.06976744186046539,0.75,0.75,16.317733990147783,28.410098522167488,16.123152709359605,0.02,0.697674418604651,16.317733990147783,16.539408866995075,0.31773399014778503,reference_larger,True,3
RQ1b,C-weighted (2bw+3c),Bridge Width,Centralization,decrease,True,matched,0.04444444444444452,-0.5,-0.5,16.317733990147783,8.336206896551724,-15.963054187192117,-0.1,-0.5232558139534884,16.317733990147783,16.151477832512317,-0.3177339901477798,reference_larger,True,3
RQ1b,C-weighted (2bw+3c),Bridge Width,Density,increase,True,matched,0.0,0.5,0.5,16.317733990147783,24.373152709359605,16.110837438423644,0.5,0.5,16.317733990147783,16.476600985221676,0.31773399014778647,reference_larger,True,3
RQ1b,C-weighted (2bw+3c),Bridge Width,Density,decrease,True,matched,0.0,-0.5,-0.5,16.317733990147783,8.336206896551724,-15.963054187192117,-0.5,-0.5,16.317733990147783,16.251231527093594,-0.13300492610837722,reference_larger,True,3
RQ1b,C-weighted (2bw+3c),Bridge Width,Bridge Trend,increase,False,different achieved-change units (not comparable under the current transformation semantics),,,,,,,,,,,,,,3
RQ1b,C-weighted (2bw+3c),Bridge Width,Bridge Trend,decrease,False,different achieved-change units (not comparable under the current transformation semantics),,,,,,,,,,,,,,3
RQ1b,C-weighted (2bw+3c),Bridge Width,Churn,increase,True,matched,0.005989820681036991,0.9,0.875,16.317733990147783,30.373152709359605,16.063335679099225,0.2,0.8697589069040926,16.317733990147783,16.336206896551722,0.021239111502397632,reference_larger,True,3
RQ1b,C-weighted (2bw+3c),Bridge Width,Churn,decrease,True,matched,0.012518428174029816,-0.2,-0.25,16.317733990147783,12.299261083743842,-16.073891625615765,-0.3,-0.24687039295649255,16.317733990147783,16.317733990147783,0.0,reference_larger,True,3
RQ1b,D-slope-of-bridge,Bridge Trend,Bridge Width,increase,False,different achieved-change units (not comparable under the current transformation semantics),,,,,,,,,,,,,,3
RQ1b,D-slope-of-bridge,Bridge Trend,Bridge Width,decrease,False,different achieved-change units (not comparable under the current transformation semantics),,,,,,,,,,,,,,3
RQ1b,D-slope-of-bridge,Bridge Trend,Centralization,increase,False,different achieved-change units (not comparable under the current transformation semantics),,,,,,,,,,,,,,3
RQ1b,D-slope-of-bridge,Bridge Trend,Centralization,decrease,False,different achieved-change units (not comparable under the current transformation semantics),,,,,,,,,,,,,,3
RQ1b,D-slope-of-bridge,Bridge Trend,Density,increase,False,different achieved-change units (not comparable under the current transformation semantics),,,,,,,,,,,,,,3
RQ1b,D-slope-of-bridge,Bridge Trend,Density,decrease,False,different achieved-change units (not comparable under the current transformation semantics),,,,,,,,,,,,,,3
RQ1b,D-slope-of-bridge,Bridge Trend,Churn,increase,False,different achieved-change units (not comparable under the current transformation semantics),,,,,,,,,,,,,,3
RQ1b,D-slope-of-bridge,Bridge Trend,Churn,decrease,False,different achieved-change units (not comparable under the current transformation semantics),,,,,,,,,,,,,,3
RQ1b,A-pure-bridge (mean),Bridge Width,Centralization,increase,True,matched,0.018055555555555693,0.9,0.875,8.0,15.0,8.0,0.03,0.8910891089108912,8.0,8.0,0.0,reference_larger,True,4
RQ1b,A-pure-bridge (mean),Bridge Width,Centralization,decrease,True,matched,0.009900990099010132,-0.2,-0.25,8.0,6.0,-8.0,-0.03,-0.24752475247524747,8.0,8.0,0.0,reference_larger,True,4
RQ1b,A-pure-bridge (mean),Bridge Width,Density,increase,True,matched,0.0,0.5,0.5,8.0,12.0,8.0,0.5,0.5,8.0,8.0,0.0,reference_larger,True,4
RQ1b,A-pure-bridge (mean),Bridge Width,Density,decrease,True,matched,0.0,-0.5,-0.5,8.0,4.0,-8.0,-0.5,-0.5,8.0,8.0,0.0,reference_larger,True,4
RQ1b,A-pure-bridge (mean),Bridge Width,Bridge Trend,increase,False,different achieved-change units (not comparable under the current transformation semantics),,,,,,,,,,,,,,4
RQ1b,A-pure-bridge (mean),Bridge Width,Bridge Trend,decrease,False,different achieved-change units (not comparable under the current transformation semantics),,,,,,,,,,,,,,4
RQ1b,A-pure-bridge (mean),Bridge Width,Churn,increase,True,matched,0.0008787633292051176,0.9,0.875,8.0,15.0,8.0,0.2,0.8757695942042195,8.0,8.0,0.0,reference_larger,True,4
RQ1b,A-pure-bridge (mean),Bridge Width,Churn,decrease,True,matched,0.013456709079079513,-0.9,-0.875,8.0,1.0,-8.0,-0.9,-0.8869352293533953,8.0,8.0,0.0,reference_larger,True,4
RQ1b,A-persistence (last),Bridge Width,Centralization,increase,True,matched,0.018055555555555693,0.9,0.875,8.0,15.0,8.0,0.03,0.8910891089108912,8.0,8.0,0.0,reference_larger,True,4
RQ1b,A-persistence (last),Bridge Width,Centralization,decrease,True,matched,0.009900990099010132,-0.2,-0.25,8.0,6.0,-8.0,-0.03,-0.24752475247524747,8.0,8.0,0.0,reference_larger,True,4
RQ1b,A-persistence (last),Bridge Width,Density,increase,True,matched,0.0,0.5,0.5,8.0,12.0,8.0,0.5,0.5,8.0,8.0,0.0,reference_larger,True,4
RQ1b,A-persistence (last),Bridge Width,Density,decrease,True,matched,0.0,-0.5,-0.5,8.0,4.0,-8.0,-0.5,-0.5,8.0,8.0,0.0,reference_larger,True,4
RQ1b,A-persistence (last),Bridge Width,Bridge Trend,increase,False,different achieved-change units (not comparable under the current transformation semantics),,,,,,,,,,,,,,4
RQ1b,A-persistence (last),Bridge Width,Bridge Trend,decrease,False,different achieved-change units (not comparable under the current transformation semantics),,,,,,,,,,,,,,4
RQ1b,A-persistence (last),Bridge Width,Churn,increase,True,matched,0.0008787633292051176,0.9,0.875,8.0,15.0,8.0,0.2,0.8757695942042195,8.0,8.0,0.0,reference_larger,True,4
RQ1b,A-persistence (last),Bridge Width,Churn,decrease,True,matched,0.013456709079079513,-0.9,-0.875,8.0,1.0,-8.0,-0.9,-0.8869352293533953,8.0,8.0,0.0,reference_larger,True,4
RQ1b,B-pure-centralization,Centralization,Bridge Width,increase,True,matched,0.018055555555555693,0.03,0.8910891089108912,0.12438423645320196,0.23522167487684728,0.12438423645320196,0.9,0.875,0.12438423645320196,0.11206896551724137,-0.014074595355383532,reference_larger,True,4
RQ1b,B-pure-centralization,Centralization,Bridge Width,decrease,True,matched,0.009900990099010132,-0.03,-0.24752475247524747,0.12438423645320196,0.09359605911330049,-0.12438423645320196,-0.2,-0.25,0.12438423645320196,0.12438423645320196,0.0,reference_larger,True,4
RQ1b,B-pure-centralization,Centralization,Density,increase,True,matched,0.012053379250968452,0.03,0.8910891089108912,0.12438423645320196,0.23522167487684728,0.12438423645320196,0.9,0.9019607843137255,0.12438423645320196,0.10714285714285714,-0.019115442278860563,reference_larger,True,4
RQ1b,B-pure-centralization,Centralization,Density,decrease,True,matched,0.009803921568627742,-0.02,-0.14851485148514856,0.12438423645320196,0.10591133004926107,-0.12438423645320197,-0.15,-0.14705882352941177,0.12438423645320196,0.12438423645320196,0.0,reference_larger,True,4
RQ1b,B-pure-centralization,Centralization,Bridge Trend,increase,False,different achieved-change units (not comparable under the current transformation semantics),,,,,,,,,,,,,,4
RQ1b,B-pure-centralization,Centralization,Bridge Trend,decrease,False,different achieved-change units (not comparable under the current transformation semantics),,,,,,,,,,,,,,4
RQ1b,B-pure-centralization,Centralization,Churn,increase,True,matched,0.00964292087104667,0.075,2.3762376237623766,0.12438423645320196,0.41995073891625617,0.12438423645320197,0.75,2.3993746032010432,0.12438423645320196,0.16133004926108374,0.015398101137934776,reference_larger,True,4
RQ1b,B-pure-centralization,Centralization,Churn,decrease,True,matched,0.018078226015425525,-0.02,-0.14851485148514856,0.12438423645320196,0.10591133004926107,-0.12438423645320197,-0.15,-0.1458299664333527,0.12438423645320196,0.14901477832512314,0.16889904368988418,reference_smaller,False,4
RQ1b,C-weighted (2bw+3c),Bridge Width,Centralization,increase,True,matched,0.018055555555555693,0.9,0.875,16.373152709359605,30.336206896551722,15.95777621393385,0.03,0.8910891089108912,16.373152709359605,16.70566502463054,0.3731527093596058,reference_larger,True,4
RQ1b,C-weighted (2bw+3c),Bridge Width,Centralization,decrease,True,matched,0.009900990099010132,-0.2,-0.25,16.373152709359605,12.373152709359605,-16.0,-0.03,-0.24752475247524747,16.373152709359605,16.2807881773399,-0.37315270935960676,reference_larger,True,4
RQ1b,C-weighted (2bw+3c),Bridge Width,Density,increase,True,matched,0.0,0.5,0.5,16.373152709359605,24.410098522167488,16.073891625615765,0.5,0.5,16.373152709359605,16.32881773399015,-0.08866995073891104,reference_larger,True,4
RQ1b,C-weighted (2bw+3c),Bridge Width,Density,decrease,True,matched,0.0,-0.5,-0.5,16.373152709359605,8.391625615763546,-15.963054187192117,-0.5,-0.5,16.373152709359605,16.3435960591133,-0.0591133004926121,reference_larger,True,4
RQ1b,C-weighted (2bw+3c),Bridge Width,Bridge Trend,increase,False,different achieved-change units (not comparable under the current transformation semantics),,,,,,,,,,,,,,4
RQ1b,C-weighted (2bw+3c),Bridge Width,Bridge Trend,decrease,False,different achieved-change units (not comparable under the current transformation semantics),,,,,,,,,,,,,,4
RQ1b,C-weighted (2bw+3c),Bridge Width,Churn,increase,True,matched,0.0008787633292051176,0.9,0.875,16.373152709359605,30.336206896551722,15.95777621393385,0.2,0.8757695942042195,16.373152709359605,16.391625615763548,0.02109334067567021,reference_larger,True,4
RQ1b,C-weighted (2bw+3c),Bridge Width,Churn,decrease,True,matched,0.013456709079079513,-0.9,-0.875,16.373152709359605,2.4839901477832513,-15.873328641801548,-0.9,-0.8869352293533953,16.373152709359605,16.44704433497537,0.08331118572168401,reference_larger,True,4
RQ1b,D-slope-of-bridge,Bridge Trend,Bridge Width,increase,False,different achieved-change units (not comparable under the current transformation semantics),,,,,,,,,,,,,,4
RQ1b,D-slope-of-bridge,Bridge Trend,Bridge Width,decrease,False,different achieved-change units (not comparable under the current transformation semantics),,,,,,,,,,,,,,4
RQ1b,D-slope-of-bridge,Bridge Trend,Centralization,increase,False,different achieved-change units (not comparable under the current transformation semantics),,,,,,,,,,,,,,4
RQ1b,D-slope-of-bridge,Bridge Trend,Centralization,decrease,False,different achieved-change units (not comparable under the current transformation semantics),,,,,,,,,,,,,,4
RQ1b,D-slope-of-bridge,Bridge Trend,Density,increase,False,different achieved-change units (not comparable under the current transformation semantics),,,,,,,,,,,,,,4
RQ1b,D-slope-of-bridge,Bridge Trend,Density,decrease,False,different achieved-change units (not comparable under the current transformation semantics),,,,,,,,,,,,,,4
RQ1b,D-slope-of-bridge,Bridge Trend,Churn,increase,False,different achieved-change units (not comparable under the current transformation semantics),,,,,,,,,,,,,,4
RQ1b,D-slope-of-bridge,Bridge Trend,Churn,decrease,False,different achieved-change units (not comparable under the current transformation semantics),,,,,,,,,,,,,,4
